a,b,E_alpha,Var_alpha,E_alpha_sq
1.0,1.0,1.0,1.0,2.0
2.5,1.5,1.6666666666666667,1.1111111111111112,3.888888888888889
0.5,2.0,0.25,0.125,0.1875
5.0,0.5,10.0,20.0,120.0
