a,b,mean_rho,var_rho,mean_cond_at_alpha_mean
2.0,1.0,0.4036526377,0.0574482462,0.3333333333
1.5,0.5,0.3443204576,0.0586290157,0.2500000000
3.0,1.5,0.3814331294,0.0462592805,0.3333333333
1.6,1.22,0.5083679681,0.0709613731,0.4326241135
0.5,0.5,0.6556795424,0.0985736065,0.5000000000
5.0,1.0,0.1915144734,0.0136976800,0.1666666667
